instrument,side,opened,closed,entry,exit,quantity,gross_pnl_usdt,fees_usdt,net_pnl_usdt,return_pct,closed_by
NDX100USDT,long,2026-09-18T10:15:15.000Z,2026-09-18T12:25:15.000Z,29574.0,29478.0,0.0405,-3.888,1.435,-5.323,-0.325,model
TSLAUSDT,long,2026-09-18T13:20:15.000Z,2026-09-18T14:10:15.000Z,368.38,362.51,3.25,-19.0775,1.4252,-20.5027,-1.593,model
AMZNUSDT,long,2026-09-18T15:05:15.000Z,2026-09-18T15:35:15.000Z,255.47,252.81,4.7,-12.502,1.4333,-13.9353,-1.041,model
SP500USDT,short,2026-09-18T13:25:15.000Z,2026-09-19T01:30:15.000Z,7628.2,7658.7,0.1572,-4.7946,1.4419,-6.2365,-0.4,model
NDX100USDT,long,2026-09-22T10:10:15.000Z,2026-09-25T10:15:15.000Z,30563.0,30657.0,0.0392,3.6848,1.4399,2.2449,0.308,risk_gate
NVDAUSDT,long,2026-09-29T09:55:15.000Z,2026-09-29T11:15:15.000Z,230.87,230.53,4.33,-1.4722,1.1987,-2.6709,-0.147,model
AAPLUSDT,short,2026-09-29T09:50:15.000Z,2026-09-30T12:20:15.000Z,336.88,330.34,2.96,19.3584,1.185,18.1734,1.941,model
METAUSDT,short,2026-09-30T11:45:15.000Z,2026-10-01T13:10:15.000Z,734.3,729.2,1.36,6.936,1.1942,5.7418,0.695,model
NDX100USDT,long,2026-10-01T10:50:15.000Z,2026-10-04T10:55:15.000Z,30696.0,30854.0,0.0488,7.7104,1.8022,5.9082,0.515,risk_gate
TSLAUSDT,long,2026-10-02T13:10:15.000Z,2026-10-05T11:05:15.000Z,362.04,372.19,4.14,42.021,1.8238,40.1972,2.804,model
NVDAUSDT,long,2026-10-02T12:35:15.000Z,2026-10-05T12:40:15.000Z,235.99,237.15,6.35,7.366,1.8027,5.5633,0.492,risk_gate
TSLAUSDT,long,2026-10-06T11:05:15.000Z,2026-10-06T15:10:15.000Z,385.54,383.36,3.89,-8.4802,1.7946,-10.2748,-0.565,model
NVDAUSDT,long,2026-10-06T11:20:15.000Z,2026-10-06T15:25:15.000Z,243.28,243.45,6.16,1.0472,1.799,-0.7518,0.07,model
NVDAUSDT,short,2026-10-07T11:05:15.000Z,2026-10-08T13:30:15.000Z,238.57,233.42,6.28,32.342,1.7785,30.5635,2.159,model
